slide,png,start_s,end_s,start_frame,end_frame_exclusive,frames,start_tc
1,png/01-stop.png,0.0,1.5,0,45,45,00:00:00:00
2,png/02-mac.png,1.5,2.8,45,84,39,00:00:01:15
3,png/03-answer.png,2.8,6.0,84,180,96,00:00:02:24
4,png/04-translate.png,6.0,8.3,180,249,69,00:00:06:00
5,png/05-explain.png,8.3,10.6,249,318,69,00:00:08:09
6,png/06-summarize.png,10.6,12.9,318,387,69,00:00:10:18
7,png/07-rewrite.png,12.9,14.8,387,444,57,00:00:12:27
8,png/08-custom.png,14.8,17.0,444,510,66,00:00:14:24
9,png/09-invisible-ink.png,17.0,19.5,510,585,75,00:00:17:00
10,png/10-works-on-anything.png,19.5,21.3,585,639,54,00:00:19:15
11,png/11-pick-your-ai.png,21.3,23.3,639,699,60,00:00:21:09
12,png/12-free.png,23.3,25.8,699,774,75,00:00:23:09
13,png/13-full-version.png,25.8,27.5,774,825,51,00:00:25:24
14,png/14-cta.png,27.5,30.0,825,900,75,00:00:27:15
